{
	"arrow_line_cross":[[0.2857142857142857, 0.7142857142857156, -1.3877787807814457e-17], [0.0, 1.0, 0.0], [-0.2857142857142857, 0.7142857142857156, 1.3877787807814457e-17], [0.0, 1.0, 0.0], [0.0, -1.0, 0.0], [0.2857142857142857, -0.7142857142857156, -1.3877787807814457e-17], [0.0, -1.0, 0.0], [-0.2857142857142857, -0.7142857142857156, 1.3877787807814457e-17], [0.0, -1.0, 0.0], [0.0, 0.0, 0.0], [-1.0, 0.0, 1.6653345369377348e-16], [-0.7142857142857155, -0.28571428571428564, 8.326672684688674e-17], [-1.0, 0.0, 1.6653345369377348e-16], [-0.7142857142857155, 0.28571428571428564, 8.326672684688674e-17], [-1.0, 0.0, 1.6653345369377348e-16], [1.0, 0.0, -1.6653345369377348e-16], [0.7142857142857155, 0.28571428571428564, -8.326672684688674e-17], [1.0, 0.0, -1.6653345369377348e-16], [0.7142857142857155, -0.28571428571428564, -8.326672684688674e-17], [1.0, 0.0, -1.6653345369377348e-16]],
	"arrow_rotate":[[0.0, 0.11363549310263743, 1.0], [0.0, 0.8900243135924486, 0.945110195475448], [0.0, 0.5098549392342592, 0.8611526065520864], [0.0, 0.7278108829317862, 0.7277962911283667], [0.0, 0.9509314130520045, 0.3939185011299523], [0.0, 1.0293349967989234, -3.885780586188048e-16], [0.0, 0.9509314130520039, -0.393918501129953], [0.0, 0.7278108829317858, -0.7277962911283671], [0.0, 0.5115393805414652, -0.8629556062620732], [0.0, 0.8900243135924484, -0.9451101954754486], [0.0, 0.11363549310263693, -0.9999999999999994], [0.0, 0.4903922094361548, -0.3189366952848418], [0.0, 0.40198685643306986, -0.7192473183001294], [0.0, 0.5953236917992244, -0.5955261530716661], [0.0, 0.7781270690721265, -0.32225815453814255], [0.0, 0.8420984472497195, -2.220446049250313e-16], [0.0, 0.7781270690721271, 0.3222581545381422], [0.0, 0.5953236917992251, 0.595526153071666], 
					[0.0, 0.40054409186999484, 0.7164402201173561], [0.0, 0.490392209436155, 0.3189366952848413], [0.0, 0.11363549310263743, 1.0]],
	"box":[[-1.0, -0.9999999999999997, 0.9999999999999997], [-0.9999999999999997, 1.0, 0.9999999999999997], [-0.9999999999999997, 1.0, -0.9999999999999997], [-1.0, -0.9999999999999997, -0.9999999999999997], [-1.0, -0.9999999999999997, 0.9999999999999997], [0.9999999999999997, -1.0, 0.9999999999999997], [0.9999999999999997, -1.0, -0.9999999999999997], [1.0, 0.9999999999999997, -0.9999999999999997], [1.0, 0.9999999999999997, 0.9999999999999997], [0.9999999999999997, -1.0, 0.9999999999999997], [1.0, 0.9999999999999997, 0.9999999999999997], [-0.9999999999999997, 1.0, 0.9999999999999997], [-0.9999999999999997, 1.0, -0.9999999999999997], [1.0, 0.9999999999999997, -0.9999999999999997], [0.9999999999999997, -1.0, -0.9999999999999997], [-1.0, -0.9999999999999997, -0.9999999999999997]],
	"circle":[[-0.707106781186547, 0.7071067811865483, 0.0], [-1.0, 0.0, -1.6653345369377348e-16], [-0.7071067811865478, -0.7071067811865478, 2.7755575615628914e-17], [0.0, -1.0, 0.0], [0.707106781186547, -0.7071067811865478, 0.0], [1.0, 0.0, 1.6653345369377348e-16], [0.7071067811865478, 0.707106781186547, -2.7755575615628914e-17], [0.0, 1.0, 0.0],[-0.707106781186547, 0.7071067811865483, 0.0]],
	"handle_3D":[[0.0, 0.0, 0.0], [0.0, 0.8406483945113074, 0.0], [-0.07687498622552066, 0.9175233807368268, 0.0], [0.0, 0.9943983669623487, 0.0], [0.07687498622552082, 0.9175233807368268, 0.0], [0.0, 0.8406483945113074, 0.0], [0.0, 0.9175233807368268, 0.07687498622552076], [0.0, 0.9943983669623487, 0.0], [0.0, 0.9175233807368268, -0.07687498622552076], [-0.07687498622552066, 0.9175233807368268, 0.0], [0.0, 0.9175233807368268, 0.07687498622552076], [0.07687498622552082, 0.9175233807368268, 0.0], [0.0, 0.9175233807368268, -0.07687498622552076], [0.0, 0.8406483945113074, 0.0], [0.0, 0.0, 0.0], [0.0, -0.8406483945113074, 0.0], [-0.07687498622552082, -0.9175233807368268, 0.0], [0.0, -0.9943983669623487, 0.0], [0.07687498622552066, -0.9175233807368268, 0.0], [0.0, -0.8406483945113074, 0.0], [0.0, -0.9175233807368268, 0.07687498622552076], [0.0, -0.9943983669623487, 0.0], 
				[0.0, -0.9175233807368268, -0.07687498622552076], [-0.07687498622552082, -0.9175233807368268, 0.0], [0.0, -0.9175233807368268, 0.07687498622552076], [0.07687498622552066, -0.9175233807368268, 0.0], [0.0, -0.9175233807368268, -0.07687498622552076], [0.0, -0.8406483945113074, 0.0], [0.0, 0.0, 0.0], [-0.8355557483070825, 0.0, 0.0], [-0.9124307345326036, 0.0, -0.07687498622552076], [-0.9893057207581257, 0.0, 0.0], [-0.9124307345326036, 0.0, 0.07687498622552076], [-0.8355557483070825, 0.0, 0.0], [-0.9124307345326036, -0.07687498622552066, 0.0], [-0.9893057207581257, 0.0, 0.0], [-0.9124307345326036, 0.07687498622552082, 0.0], [-0.9124307345326036, 0.0, 0.07687498622552076], [-0.9124307345326036, -0.07687498622552066, 0.0], [-0.9124307345326036, 0.0, -0.07687498622552076], [-0.9124307345326036, 0.07687498622552082, 0.0], [-0.8355557483070825, 0.0, 0.0], [0.0, 0.0, 0.0], 
				[0.8355557483070825, 0.0, 0.0], [0.9124307345326036, 0.0, -0.07687498622552076], [0.9893057207581257, 0.0, 0.0], [0.9124307345326036, 0.0, 0.07687498622552076], [0.8355557483070825, 0.0, 0.0], [0.9124307345326036, -0.07687498622552082, 0.0], [0.9893057207581257, 0.0, 0.0], [0.9124307345326036, 0.07687498622552066, 0.0], [0.9124307345326036, 0.0, -0.07687498622552076], [0.9124307345326036, -0.07687498622552082, 0.0], [0.9124307345326036, 0.0, 0.07687498622552076], [0.9124307345326036, 0.07687498622552066, 0.0], [0.8355557483070825, 0.0, 0.0], [0.0, 0.0, 0.0], [0.0, 0.0, -0.8462500275489583], [-0.07687498622552076, 0.0, -0.9231250137744794], [0.0, 0.0, -0.9999999999999999], [0.07687498622552076, 0.0, -0.9231250137744794], [0.0, 0.0, -0.8462500275489583], [0.0, -0.07687498622552076, -0.9231250137744794], [0.0, 0.0, -0.9999999999999999], [0.0, 0.07687498622552076, -0.9231250137744794], 
				[-0.07687498622552076, 0.0, -0.9231250137744794], [0.0, -0.07687498622552076, -0.9231250137744794], [0.07687498622552076, 0.0, -0.9231250137744794], [0.0, 0.07687498622552076, -0.9231250137744794], [0.0, 0.0, -0.8462500275489583], [0.0, 0.0, 0.0], [0.0, 0.0, 0.8462500275489583], [-0.07687498622552076, 0.0, 0.9231250137744794], [0.0, 0.0, 0.9999999999999999], [0.07687498622552076, 0.0, 0.9231250137744794], [0.0, 0.0, 0.8462500275489583], [0.0, -0.07687498622552076, 0.9231250137744794], [0.0, 0.0, 0.9999999999999999], [0.0, 0.07687498622552076, 0.9231250137744794], [-0.07687498622552076, 0.0, 0.9231250137744794], [0.0, -0.07687498622552076, 0.9231250137744794], [0.07687498622552076, 0.0, 0.9231250137744794], [0.0, 0.07687498622552076, 0.9231250137744794], [0.0, 0.0, 0.8462500275489583]],
	"octahedron":[[-0.9999999999999999, 0.0, 0.0], [0.0, 0.0, 0.9999999999999999], [0.9999999999999999, 0.0, 0.0], [0.0, 0.0, -0.9999999999999999], [-0.9999999999999999, 0.0, 0.0], [0.0, -0.9999999999999999, 0.0], [0.9999999999999999, 0.0, 0.0], [0.0, 0.9999999999999999, 0.0], [0.0, 0.0, -0.9999999999999999], [0.0, -0.9999999999999999, 0.0], [0.0, 0.0, 0.9999999999999999], [0.0, 0.9999999999999999, 0.0], [-0.9999999999999999, 0.0, 0.0]],